Telephone,Message
14568007354,"Dear Liu Gui Ying, thank you for visiting Skippy, we wish you a wonderful day!"
+33 (0)2 62 00 36 40,"Dear Eugene du Bousquet, thank you for visiting Skippy, we wish you a wonderful day!"
(351) 209103571,"Dear Nair Costa, thank you for visiting Skippy, we wish you a wonderful day!"
407-413-0420,"Dear James Graham, thank you for visiting Skippy, we wish you a wonderful day!"
5749307656,"Dear Steven Bailey, thank you for visiting Skippy, we wish you a wonderful day!"
690.847.1558,"Dear Donald Gomez, thank you for visiting Skippy, we wish you a wonderful day!"
(00731) 06572,"Dear Susanne Haring-Finke, thank you for visiting Skippy, we wish you a wonderful day!"
+34 724 622 063,"Dear Amelia Zabaleta-Marti, thank you for visiting Skippy, we wish you a wonderful day!"
+33 (0)7 40 30 08 04,"Dear Nathalie Le Bourgeois, thank you for visiting Skippy, we wish you a wonderful day!"
001-851-588-0076x409,"Dear Xavier Booker, thank you for visiting Skippy, we wish you a wonderful day!"
+1-516-229-9730x66381,"Dear Sean Gonzalez, thank you for visiting Skippy, we wish you a wonderful day!"
517.852.1124x8003,"Dear Laurie Williams, thank you for visiting Skippy, we wish you a wonderful day!"
322.225.0544,"Dear Amanda Morales, thank you for visiting Skippy, we wish you a wonderful day!"
939-593-3428,"Dear Sarah Blevins, thank you for visiting Skippy, we wish you a wonderful day!"
14717997001,"Dear Wang Shu Ying, thank you for visiting Skippy, we wish you a wonderful day!"
15234977007,"Dear Gong Xiao Hong, thank you for visiting Skippy, we wish you a wonderful day!"
